"relyk","-1"
"remadyed","-1"
"redily","-1"
"residue","-1"
"reynaldys","-1"
"rwlyd","-1"
"rehauyng","-1"
"rabbettis","-1"
"rus","-1"
"rokkysson","-1"
"rod","-1"
"rescue","-1"
"reboyle","-1"
"rewlyng","-1"
"relessyd","-1"
"revylyd","-1"
"ranson","-1"
"rwmor","-1"
"remembre","-1"
"rycheforthe","-1"
"roaf","-1"
"respondendum","-1"
"rore","-1"
"ryding","-1"
"remembyr","-1"
"resonabyll","-1"
"redinesse","-1"
"rusty","-1"
"rothen","-1"
"remaynid","-1"
"repayre","-1"
"risyng","-1"
"recummawnd","-1"
"ryghtwysnes","-1"
"remembire","-1"
"relees","-1"
"rapported","-1"
"reuersyn","-1"
"reproche","-1"
"remembirth","-1"
"ryde","-1"
"retorne","-1"
"rolles","-1"
"rectid","-1"
"resseyuour","-1"
"record","-1"
"receyved","-1"
"rebwkyng","-1"
"resceiued","-1"
"receyve","-1"
"recummend","-1"
"ryght","-1"
"rochestre","-1"
"reuerens","-1"
"rydyn","-1"
"resonablely","-1"
"reke","-1"
"reson","-1"
"rollyn","-1"
"reffuse","-1"
"ravysshyd","-1"
"recomaundith","-1"
"resonable","-1"
"reseyuore","-1"
"reule","-1"
"recheman","-1"
"runham","-1"
"rodde","-1"
"reqweryd","-1"
"raddelé","-1"
"reseytys","-1"
"resseyvyth","-1"
"reppys","-1"
"ravyshment","-1"
"rennyng","-1"
"resytyng","-1"
"replenysheing","-1"
"rekoned","-1"
"reioce","-1"
"refusyd","-1"
"riotes","-1"
"recomavndyt","-1"
"riffel","-1"
"requyre","-1"
"regestyr","-1"
"rest","-1"
"receyuid","-1"
"rueth","-1"
"ryall","-1"
"relessyng","-1"
"remember","-1"
"redresse","-1"
"raþer","-1"
"retaylyt","-1"
"rought","-1"
"receyt","-1"
"receve","-1"
"redwe","-1"
"refourme","-1"
"roovyng","-1"
"rede","-1"
"releas","-1"
"reuenues","-1"
"recomawnd","-1"
"rauishement","-1"
"rent","-1"
"ryverse","-1"
"reuenuez","-1"
"redilyere","-1"
"ruleth","-1"
"rescuse","-1"
"report","-1"
"recummand","-1"
"resortythe","-1"
"rideth","-1"
"robynys","-1"
"relesys","-1"
"recommand","-1"
"roberd","-1"
"rewlere","-1"
"reperte","-1"
"regne","-1"
"reden","-1"
"repent","-1"
"rewlyd","-1"
"recordeth","-1"
"redham","-1"
"repayment","-1"
"remayneth","-1"
"rodon","-1"
"reparyd","-1"
"russette","-1"
"reioyse","-1"
"rytgh","-1"
"recomend","-1"
"ronne","-1"
"rescued","-1"
"reciting","-1"
"robbyng","-1"
"rased","-1"
"rewled","-1"
"roberde","-1"
"rather","-1"
"recomaund","-1"
"recomawndyth","-1"
"racioni","-1"
"ritht","-1"
"revell","-1"
"rebels","-1"
"remembrid","-1"
"reherced","-1"
"restreyned","-1"
"reles","-1"
"recoueryng","-1"
"remytt","-1"
"recommennde","-1"
"refused","-1"
"red","-1"
"reysed","-1"
"ryottes","-1"
"rehersyd","-1"
"reuerente","-1"
"ryottys","-1"
"remevyd","-1"
"resonabyl","-1"
"recomendacyon","-1"
"restitucion","-1"
"russhis","-1"
"retornyd","-1"
"rycharde","-1"
"receyvyng","-1"
"rabert","-1"
"recon","-1"
"rathe","-1"
"round","-1"
"royston","-1"
"roger","-1"
"regni","-1"
"roll","-1"
"roo","-1"
"raveshid","-1"
"retourne","-1"
"rewardyng","-1"
"recommendacion","-1"
"revylid","-1"
"redy","-1"
"radclyff","-1"
"recuueryng","-1"
"repayrid","-1"
"resyngne","-1"
"reputid","-1"
"reuerse","-1"
"respite","-1"
"regned","-1"
"rwle","-1"
"rewardyt","-1"
"recure","-1"
"recorden","-1"
"ryȝte","-1"
"refham","-1"
"reformed","-1"
"receyue","-1"
"rennyth","-1"
"relieffe","-1"
"redi","-1"
"ryed","-1"
"raunsummyth","-1"
"refferryng","-1"
"remembreth","-1"
"rehers","-1"
"reportid","-1"
"recomaundethe","-1"
"rebells","-1"
"recommawndyd","-1"
"remembird","-1"
"rape","-1"
"recompensyng","-1"
"rydyngys","-1"
"recordoure","-1"
"reuerunt","-1"
"recomavnd","-1"
"remembir","-1"
"robert","-1"
"returne","-1"
"remembrance","-1"
"ryththe","-1"
"revers","-1"
"remembraunce","-1"
"rowtis","-1"
"regard","-1"
"robyn","-1"
"rokewode","-1"
"reuerense","-1"
"rowth","-1"
"resayvyd","-1"
"revard","-1"
"remittid","-1"
"reportythe","-1"
"rudely","-1"
"reve","-1"
"riotous","-1"
"robbory","-1"
"reknyng","-1"
"receyvoure","-1"
"rorchestre","-1"
"rood","-1"
"retenew","-1"
"reygnyth","-1"
"redemyd","-1"
"rewthe","-1"
"resonablye","-1"
"receyvyd","-1"
"rewill","-1"
"rensackyd","-1"
"redé","-1"
"rentis","-1"
"rekenyng","-1"
"remenaunt","-1"
"refuse","-1"
"rememberyng","-1"
"rigth","-1"
"reseyved","-1"
"redde","-1"
"ryng","-1"
"rewyill","-1"
"ryd","-1"
"rulyd","-1"
"rially","-1"
"rebellious","-1"
"retorned","-1"
"reseyuid","-1"
"resist","-1"
"roght","-1"
"require","-1"
"rapport","-1"
"reconysaunces","-1"
"rehersid","-1"
"recomendyth","-1"
"reuerence","-1"
"rougham","-1"
"riȝt","-1"
"russettys","-1"
"reveshid","-1"
"renne","-1"
"reuerend","-1"
"recomaundeth","-1"
"robbe","-1"
"reputed","-1"
"restored","-1"
"rewardes","-1"
"rychard","-1"
"reportyd","-1"
"remembyre","-1"
"remnawnte","-1"
"relif","-1"
"reformacion","-1"
"reverend","-1"
"riden","-1"
"rome","-1"
"reseyue","-1"
"receyuyth","-1"
"resonables","-1"
"refeham","-1"
"rydythe","-1"
"reynere","-1"
"rollys","-1"
"respyght","-1"
"reseyvour","-1"
"remedies","-1"
"relesse","-1"
"routon","-1"
"rellesse","-1"
"recomawnde","-1"
"return","-1"
"recheforthe","-1"
"retynew","-1"
"relyeve","-1"
"ridyn","-1"
"ran","-1"
"ryotows","-1"
"receyuyd","-1"
"relevid","-1"
"ratcliff","-1"
"rewardid","-1"
"reserued","-1"
"recorde","-1"
"r.","-1"
"resceyuyd","-1"
"relike","-1"
"recordour","-1"
"rere","-1"
"rokwode","-1"
"rescu","-1"
"receyueth","-1"
"resumed","-1"
"resceites","-1"
"recyst","-1"
"remenant","-1"
"romore","-1"
"reason","-1"
"randolffis","-1"
"remenaunte","-1"
"replevyns","-1"
"robynhod","-1"
"rente","-1"
"recommawndyth","-1"
"replegge","-1"
"remeue","-1"
"restore","-1"
"rekeneth","-1"
"roode","-1"
"requyryd","-1"
"rolle","-1"
"russett","-1"
"ryghte","-1"
"rypelyer","-1"
"repracion","-1"
"rycheferthe","-1"
"reward","-1"
"raueshing","-1"
"reported","-1"
"rewardys","-1"
"retournable","-1"
"requirith","-1"
"remedye","-1"
"recouery","-1"
"robarde","-1"
"rythg","-1"
"ryserse","-1"
"rover","-1"
"richemond","-1"
"relesses","-1"
"ryte","-1"
"reynthorp","-1"
"ryuers","-1"
"refuseth","-1"
"roonne","-1"
"rewyllerys","-1"
"reseyvyng","-1"
"renneth","-1"
"relesyng","-1"
"recomende","-1"
"remedyed","-1"
"remeved","-1"
"roy","-1"
"remembyrthe","-1"
"reueraunce","-1"
"rothon","-1"
"radlé","-1"
"remedee","-1"
"rescwe","-1"
"recomaundyd","-1"
"remayndre","-1"
"reuerent","-1"
"remedyes","-1"
"recouere","-1"
"releve","-1"
"requireth","-1"
"reasonable","-1"
"regoyse","-1"
"remembrauns","-1"
"restoryd","-1"
"rewyll","-1"
"respyth","-1"
"ryallest","-1"
"rygth","-1"
"ryse","-1"
"reseyvid","-1"
"remembryng","-1"
"rule","-1"
"remitte","-1"
"reherseth","-1"
"reconysaunce","-1"
"resseyved","-1"
"rewylle","-1"
"remenavnt","-1"
"refformacyon","-1"
"raysed","-1"
"ryslés","-1"
"restorid","-1"
"reynold","-1"
"remnaunt","-1"
"rokesley","-1"
"ryden","-1"
"recommaund","-1"
"rested","-1"
"rogier","-1"
"restyd","-1"
"requyryng","-1"
"relacion","-1"
"remevid","-1"
"rydethe","-1"
"reherce","-1"
"reskew","-1"
"revyvyd","-1"
"reuersed","-1"
"ryotous","-1"
"remeuyd","-1"
"retornable","-1"
"relyffe","-1"
"resorted","-1"
"reherseyd","-1"
"repente","-1"
"reseywyd","-1"
"resseyvours","-1"
"respyte","-1"
"reste","-1"
"rad","-1"
"reche","-1"
"relyke","-1"
"ryȝt","-1"
"recomande","-1"
"richesse","-1"
"rewardyd","-1"
"ripe","-1"
"ruleyd","-1"
"rise","-1"
"resydewe","-1"
"remyttire","-1"
"raf","-1"
"rokelond","-1"
"recomandyd","-1"
"right","-1"
"ros","-1"
"recummawnddys","-1"
"recommaunded","-1"
"rekynyd","-1"
"reqwere","-1"
"rescew","-1"
"reqwest","-1"
"revelicion","-1"
"regnyng","-1"
"rusteynes","-1"
"rabettys","-1"
"reysyd","-1"
"reken","-1"
"rekned","-1"
"relese","-1"
"rumore","-1"
"rathere","-1"
"recomaundyth","-1"
"remayn","-1"
"radclyf","-1"
"reparted","-1"
"rumour","-1"
"rekord","-1"
"redelyere","-1"
"reformyd","-1"
"retorn","-1"
"recommande","-1"
"reportys","-1"
"reprefe","-1"
"reyned","-1"
"rite","-1"
"redyn","-1"
"recomendacion","-1"
"recordes","-1"
"reame","-1"
"reryd","-1"
"requyred","-1"
"recompense","-1"
"reconyd","-1"
"recomaundyng","-1"
"resseyt","-1"
"reyse","-1"
"recomand","-1"
"remitted","-1"
"robbyd","-1"
"resonabill","-1"
"rychely","-1"
"ratefye","-1"
"remembryth","-1"
"riott","-1"
"rydyng","-1"
"regis","-1"
"remenbraunce","-1"
"remeve","-1"
"resoun","-1"
"rawnsommyd","-1"
"ruthyn","-1"
"remnawnth","-1"
"rauyshment","-1"
"robries","-1"
"recomandyth","-1"
"recaytys","-1"
"rekomawnd","-1"
"rows","-1"
"ritewesnesse","-1"
"returned","-1"
"roosys","-1"
"retournabill","-1"
"recept","-1"
"receyvd","-1"
"remembyryd","-1"
"ryngelond","-1"
"rosting","-1"
"resseyue","-1"
"ridith","-1"
"rehersyng","-1"
"rafe","-1"
"ryuerse","-1"
"re","-1"
"rysyg","-1"
"rewarded","-1"
"reyn","-1"
"ryme","-1"
"roten","-1"
"resorte","-1"
"ryt","-1"
"rentall","-1"
"remembrans","-1"
"reasonably","-1"
"reporteth","-1"
"recummaund","-1"
"rytth","-1"
"rentes","-1"
"rekenyngys","-1"
"rippled","-1"
"rewell","-1"
"ryth","-1"
"remembyrd","-1"
"rouchestre","-1"
"rygge","-1"
"rythworschipfful","-1"
"reparacyon","-1"
"remembred","-1"
"riot","-1"
"rekk","-1"
"resignacion","-1"
"radfordes","-1"
"reuelysshon","-1"
"refferre","-1"
"reqweryth","-1"
"remulant","-1"
"remytte","-1"
"remanent","-1"
"resygnacion","-1"
"rewarde","-1"
"repaye","-1"
"rough","-1"
"rathest","-1"
"replevyn","-1"
"ratheere","-1"
"ruled","-1"
"reputacion","-1"
"redyng","-1"
"resceyte","-1"
"reuolucion","-1"
"requiryng","-1"
"rytȝ","-1"
"rebuke","-1"
"rose","-1"
"redemit","-1"
"romayns","-1"
"recevyd","-1"
"resceiuoure","-1"
"rammesbury","-1"
"reciste","-1"
"rewly","-1"
"radford","-1"
"ragyng","-1"
"radeclyff","-1"
"remyttyd","-1"
"recomended","-1"
"renew","-1"
"repentyth","-1"
"relieve","-1"
"reede","-1"
"reverent","-1"
"robbed","-1"
"royall","-1"
"reseyvours","-1"
"russe","-1"
"retournyd","-1"
"recompensed","-1"
"reteyned","-1"
"rightwurchepfull","-1"
"rehersed","-1"
"rescuyd","-1"
"reseyued","-1"
"robry","-1"
"recouered","-1"
"recompence","-1"
"relessis","-1"
"resceyued","-1"
"resceiue","-1"
"recoweryd","-1"
"recuuere","-1"
"reyne","-1"
"righte","-1"
"ricardo","-1"
"renewyng","-1"
"raulyns","-1"
"restreyngne","-1"
"requere","-1"
"rees","-1"
"repyned","-1"
"recouer","-1"
"rewlers","-1"
"regnald","-1"
"reparaucion","-1"
"rebuked","-1"
"resseyuours","-1"
"replicat","-1"
"resayvith","-1"
"ryȝth","-1"
"recordet","-1"
"requereyd","-1"
"robboryes","-1"
"radcliff","-1"
"revoke","-1"
"rydy","-1"
"resonabell","-1"
"rychemond","-1"
"reseyvyd","-1"
"rith","-1"
"repented","-1"
"ransackyd","-1"
"ryfled","-1"
"roose","-1"
"recomendacions","-1"
"rythe","-1"
"returnable","-1"
"reskuse","-1"
"rathyr","-1"
"resolutis","-1"
"riottes","-1"
"regystre","-1"
"restreynte","-1"
"receyte","-1"
"resynged","-1"
"rentte","-1"
"reed","-1"
"redressyd","-1"
"reseruyd","-1"
"recommendacyon","-1"
"roborye","-1"
"recomendacyons","-1"
"resceyvyd","-1"
"robbere","-1"
"rifled","-1"
"repleuyn","-1"
"repare","-1"
"rauf","-1"
"receytys","-1"
"robynson","-1"
"rydon","-1"
"richard","-1"
"recomaunde","-1"
"rehersell","-1"
"resortyd","-1"
"reynyng","-1"
"relatyvis","-1"
"recomaundyt","-1"
"resonabely","-1"
"rydyth","-1"
"reuers","-1"
"riall","-1"
"rownd","-1"
"releses","-1"
"recommawnd","-1"
"reparacion","-1"
"runlet","-1"
"reffham","-1"
"rauischid","-1"
"reconysance","-1"
"robson","-1"
"rek","-1"
"rygt","-1"
"redely","-1"
"revyn","-1"
"retayle","-1"
"renomee","-1"
"ryban","-1"
"restreynyng","-1"
"resigned","-1"
"reysyns","-1"
"rechard","-1"
"reysons","-1"
"remembraunz","-1"
"ryotesly","-1"
"reportyht","-1"
"rogere","-1"
"rytht","-1"
"risers","-1"
"rebelyones","-1"
"realme","-1"
"rauishment","-1"
"rowe","-1"
"remembryd","-1"
"rookwod","-1"
"relik","-1"
"roos","-1"
"resonably","-1"
"reioy","-1"
"rysyng","-1"
"request","-1"
"rectorem","-1"
"reklesly","-1"
"ryghtfully","-1"
"rotyn","-1"
"restoore","-1"
"respyt","-1"
"resortyng","-1"
"rejoy","-1"
"requeryt","-1"
"raye","-1"
"reporte","-1"
"robard","-1"
"reverens","-1"
"ryues","-1"
"redd","-1"
"reknyd","-1"
"redye","-1"
"remayne","-1"
"recuueryd","-1"
"remevyng","-1"
"raþere","-1"
"rwyll","-1"
"retourned","-1"
"rendelesham","-1"
"rodd","-1"
"ryche","-1"
"rightffull","-1"
"resonabilly","-1"
"romani","-1"
"reuell","-1"
"rewle","-1"
"remedy","-1"
"reseytes","-1"
"reseuyd","-1"
"recomendacoun","-1"
"replevy","-1"
"reppes","-1"
"ryȝht","-1"
"resseyve","-1"
"receyued","-1"
"requeryd","-1"
"riottously","-1"
"refere","-1"
"recommendetis","-1"
"repleuin","-1"
"releved","-1"
"rebyliones","-1"
"retayled","-1"
"ride","-1"
"rekomaund","-1"
"rothnall","-1"
"remedi","-1"
"robart","-1"
"rynge","-1"
"reveneus","-1"
"rude","-1"
"required","-1"
"roules","-1"
"recoueryd","-1"
"rwsse","-1"
"roiall","-1"
"remembrauncers","-1"
"remembere","-1"
"rauff","-1"
"recomandith","-1"
"recedu","-1"
"relefys","-1"
"recommendat","-1"
"rwled","-1"
"requer","-1"
"rancores","-1"
"rentys","-1"
"recuveryd","-1"
"reedys","-1"
"recuuered","-1"
"reuer","-1"
"relesed","-1"
"rekkythe","-1"
"remanet","-1"
"replegiare","-1"
"reseyore","-1"
"redemyng","-1"
"redyer","-1"
"ridyng","-1"
"revenowse","-1"
"roome","-1"
"reuernt","-1"
"recommend","-1"
"resceiuour","-1"
"restreyn","-1"
"receyvid","-1"
"restythe","-1"
"rode","-1"
"ronge","-1"
"recommaunde","-1"
"reseyth","-1"
"rekne","-1"
"reffused","-1"
