"reysyns","0"
"ryt","1"
"rytht","1"
"rythg","1"
"ryth","1"
"ryte","1"
"ryththe","1"
"rythe","1"
"rygth","1"
"rytgh","1"
"rested","2"
"reste","2"
"rest","2"
"retorne","3"
"reformyd","4"
"rescuyd","4"
"restorid","4"
"reformed","4"
"rulyd","4"
"resayvith","5"
"ryuerse","5"
"ryuers","5"
"receyved","6"
"receyve","6"
"receve","6"
"recomaundyd","7"
"recomande","8"
"recomaunde","8"
"recommaunde","8"
"recomaundyng","8"
"recomendyth","8"
"reqwere","8"
"recomaund","8"
"recomawnde","8"
"recomavnd","8"
"recomawnd","8"
"recomand","8"
"rehersyng","9"
"roovyng","9"
"replicat","10"
"rokesley","11"
"ranson","11"
"reynere","11"
"rokewode","11"
"redwe","11"
"recummend","12"
"requere","12"
"requer","12"
"reasonable","13"
"roode","14"
"rood","14"
"rode","14"
"reqwest","15"
"reed","15"
"revelicion","15"
"ryng","15"
"reputacion","15"
"relacion","15"
"reame","15"
"rewle","15"
"rydyng","15"
"richesse","15"
"realme","15"
"reparacion","15"
"reward","15"
"request","15"
"rigth","16"
"right","16"
"ryghte","16"
"ryght","16"
"ritht","16"
"righte","16"
"rith","16"
"replenysheing","17"
"reknyng","17"
"reuell","17"
"relyffe","17"
"resygnacion","17"
"ryban","17"
"renomee","17"
"reuenuez","18"
"resseyuours","18"
"reuenues","18"
"returned","19"
"retourne","19"
"returne","19"
"return","19"
"retorn","19"
"retourned","19"
"retournyd","19"
"robbed","20"
"repayrid","21"
"reparyd","21"
"russett","22"
"rough","22"
"russe","22"
"ruthyn","22"
"russettys","22"
"rus","22"
"retornyd","23"
"reysed","23"
"redde","24"
"red","24"
"redé","24"
"reseytes","25"
"resceites","25"
"reseytys","25"
"rewlers","25"
"rentys","26"
"rentes","26"
"relesys","26"
"reuersed","27"
"reseruyd","27"
"roten","27"
"resynged","27"
"rowe","28"
"rokkysson","28"
"remembrans","29"
"remembrauncers","29"
"remembrauns","29"
"remembraunce","29"
"remenbraunce","29"
"remembrance","29"
"remembraunz","29"
"remenavnt","30"
"remenaunt","30"
"remanent","30"
"remenant","30"
"rogier","31"
"rogere","31"
"roger","31"
"reuerens","32"
"ryserse","32"
"reuerence","32"
"reverens","32"
"reuerense","32"
"ruleyd","33"
"resorted","33"
"resortythe","33"
"resortyng","33"
"restoryd","33"
"remembyrthe","34"
"remembrid","34"
"remember","34"
"remembirth","34"
"remembryth","34"
"remembyryd","34"
"remembryd","34"
"remembird","34"
"remembire","34"
"rememberyng","34"
"remembyr","34"
"remembyrd","34"
"remembir","34"
"rere","34"
"rydythe","35"
"renne","35"
"rennyng","35"
"reygnyth","35"
"rennyth","35"
"renneth","35"
"rekne","35"
"recuuered","36"
"recure","36"
"resceyuyd","36"
"redressyd","36"
"recomendacoun","37"
"recommendacyon","37"
"rectorem","38"
"roy","38"
"racioni","38"
"respondendum","38"
"remevyd","39"
"remevid","39"
"revylyd","39"
"reknyd","39"
"reryd","39"
"ronne","39"
"remaynid","39"
"remeuyd","39"
"rathe","40"
"rathere","40"
"rather","40"
"ratheere","40"
"rathyr","40"
"rore","41"
"rauyshment","41"
"rewthe","41"
"requireth","42"
"requirith","42"
"reuersyn","43"
"reyne","43"
"remayndre","43"
"regestyr","43"
"reconysance","43"
"rentte","44"
"rente","44"
"rent","44"
"richemond","45"
"regnyng","45"
"roos","45"
"rwsse","45"
"rygge","45"
"raddelé","45"
"recheforthe","45"
"rydyngys","45"
"reynthorp","45"
"rysyg","45"
"robson","45"
"ryall","45"
"rysyng","45"
"roose","45"
"runham","45"
"riot","45"
"rusteynes","45"
"rammesbury","45"
"radford","45"
"robynson","45"
"rapport","45"
"rycheforthe","45"
"royston","45"
"rome","45"
"resytyng","45"
"risyng","45"
"ros","45"
"rows","45"
"rekned","46"
"releas","47"
"relesed","47"
"relees","47"
"relese","47"
"resonabyl","48"
"resonablely","48"
"resonablye","48"
"resonabilly","48"
"resonabely","48"
"riȝt","48"
"resonabyll","48"
"resonably","48"
"reseyth","49"
"resceyte","49"
"rewardyng","50"
"rewardyt","50"
"rewardid","50"
"rewardyd","50"
"rewarde","50"
"rewarded","50"
"reysons","51"
"riotous","52"
"royall","52"
"raye","52"
"retaylyt","53"
"reciste","53"
"receyue","53"
"recyst","53"
"rollyn","53"
"reede","53"
"restreyngne","53"
"repaye","53"
"reioyse","53"
"rially","54"
"rekk","55"
"rek","55"
"reke","55"
"rede","56"
"redye","56"
"rydy","56"
"redyn","56"
"redi","56"
"redy","56"
"retornable","57"
"returnable","57"
"retournable","57"
"retournabill","57"
"reherseyd","58"
"requyred","59"
"ransackyd","59"
"requyryd","59"
"required","59"
"requyre","59"
"requeryd","59"
"require","59"
"requereyd","59"
"raysed","60"
"rased","60"
"rightwurchepfull","61"
"rightffull","61"
"rythworschipfful","61"
"respite","62"
"respyt","62"
"respyth","62"
"respyght","62"
"respyte","62"
"recomawndyth","63"
"recomandyth","63"
"reule","64"
"ruled","64"
"rule","64"
"rumore","65"
"rwmor","65"
"rumour","65"
"recompence","66"
"recompense","66"
"recompensyng","66"
"recompensed","66"
"recordoure","67"
"round","68"
"roonne","69"
"rauishment","70"
"ravyshment","70"
"rellesse","71"
"relessyng","71"
"relesses","71"
"releses","71"
"relesse","71"
"reles","71"
"reportyht","72"
"ryotous","73"
"rowtis","74"
"rollys","74"
"roll","74"
"rolle","74"
"russhis","74"
"ragyng","74"
"rolles","74"
"roules","74"
"rychemond","75"
"routon","75"
"rydon","75"
"rorchestre","75"
"ratcliff","75"
"raulyns","76"
"rookwod","76"
"refusyd","77"
"refuseth","77"
"reqweryd","78"
"reqweryth","78"
"ryde","79"
"rise","79"
"rydyn","79"
"reken","79"
"ryed","79"
"ryse","79"
"ryden","79"
"remayn","79"
"ryd","79"
"recomaundethe","80"
"recomaundeth","80"
"recomaundith","80"
"recomaundyt","80"
"recomaundyth","80"
"replegge","81"
"resseyue","81"
"reseyue","81"
"remytt","82"
"remitte","82"
"remytte","82"
"rychard","83"
"richard","83"
"relik","83"
"rechard","83"
"rycharde","83"
"remedi","84"
"remedee","84"
"remedye","84"
"remeved","84"
"remedy","84"
"reedys","84"
"remedyed","84"
"remevyng","84"
"remedyes","84"
"remedies","85"
"redemyd","86"
"rygt","87"
"rytȝ","87"
"rydyth","87"
"ryȝt","87"
"ryȝth","87"
"redely","87"
"rite","87"
"ryȝht","87"
"ryȝte","87"
"rytth","87"
"recorde","88"
"recordeth","88"
"record","88"
"recorden","88"
"recordes","88"
"recordet","88"
"recordour","88"
"rod","89"
"rodd","89"
"recevyd","90"
"receyuid","90"
"receyued","90"
"receyvid","90"
"receyuyd","90"
"rad","90"
"receyvyd","90"
"receyvd","90"
"recomavndyt","91"
"recommawndyd","91"
"recommaunded","91"
"releved","91"
"repleuin","92"
"rideth","93"
"riden","93"
"ride","93"
"ridyn","93"
"recouer","94"
"recaytys","95"
"recomendacion","96"
"recomendacions","96"
"recomendacyon","96"
"reueraunce","96"
"recommendacion","96"
"riotes","97"
"reserued","98"
"reseyvyd","98"
"reseyved","98"
"resceyvyd","98"
"resseyved","98"
"reseyued","98"
"reseyore","98"
"resseyve","98"
"recouered","99"
"recoueryd","99"
"recouery","99"
"resceiue","100"
"robboryes","100"
"robbe","100"
"robbyd","100"
"rewill","101"
"rauff","102"
"robart","102"
"r.","102"
"reynaldys","102"
"resolutis","102"
"relevid","102"
"rabert","102"
"rafe","102"
"rothnall","102"
"radlé","102"
"ryfled","102"
"ryngelond","102"
"recommendetis","102"
"rodon","102"
"rycheferthe","102"
"reynold","102"
"rothen","102"
"raf","102"
"rentis","102"
"ripe","103"
"rehersed","104"
"rehersell","104"
"reherseth","104"
"replegiare","105"
"recept","105"
"replevy","106"
"replevyn","106"
"replevyns","106"
"rought","107"
"roght","107"
"reuerunt","108"
"reuernt","108"
"remanet","109"
"remayneth","109"
"remayne","109"
"ridith","109"
"releve","110"
"relieffe","110"
"relieve","110"
"relyeve","110"
"rosting","111"
"roosys","112"
"resonables","113"
"reseuyd","114"
"resceyued","114"
"reseywyd","114"
"reseyvid","114"
"resayvyd","114"
"reysyd","114"
"reseyuid","114"
"rekoned","114"
"restreyned","114"
"robarde","115"
"robard","115"
"regnald","115"
"roaf","115"
"rose","116"
"rekkythe","117"
"remulant","118"
"receyte","118"
"resydewe","118"
"revell","118"
"residue","118"
"reve","118"
"rentall","118"
"remyttire","118"
"riall","118"
"restreynyng","118"
"receyt","118"
"resseyuour","118"
"reseyuore","118"
"reconysaunce","118"
"regard","118"
"rynge","118"
"reverend","119"
"rifled","120"
"rescwe","121"
"rescew","121"
"redinesse","122"
"rauischid","123"
"raveshid","123"
"reveshid","123"
"remnawnte","124"
"remnawnth","124"
"remnaunt","124"
"remenaunte","124"
"repracion","124"
"resseyvyth","125"
"rebuked","126"
"ran","126"
"rebuke","126"
"recommande","127"
"recommand","127"
"recommend","127"
"recomend","127"
"recommaund","127"
"recommawnd","127"
"resseyt","128"
"reparaucion","128"
"rwle","128"
"rebells","129"
"recomandith","130"
"raunsummyth","130"
"rudely","131"
"ryslés","132"
"randolffis","132"
"radfordes","132"
"rancores","133"
"rochestre","134"
"rouchestre","134"
"regned","135"
"reyned","135"
"resceiuour","136"
"ryghtwysnes","136"
"resceiuoure","136"
"reported","137"
"reportyd","137"
"report","137"
"reporteth","137"
"reportythe","137"
"reportys","137"
"reportid","137"
"reporte","137"
"rescuse","138"
"reskuse","138"
"rescued","138"
"reuelysshon","138"
"rescue","138"
"rescu","138"
"reputid","139"
"rewardys","140"
"rewardes","140"
"rude","141"
"robynys","142"
"robbyng","142"
"robynhod","142"
"robyn","142"
"ronge","143"
"reyse","144"
"reherce","144"
"rehers","144"
"radcliff","145"
"radeclyff","145"
"ritewesnesse","146"
"reproche","147"
"rabbettis","147"
"relyk","148"
"rewly","148"
"rokelond","148"
"relyke","148"
"relike","148"
"requyryng","149"
"refferryng","149"
"requiryng","149"
"reioce","150"
"reverent","151"
"reuerente","151"
"reuerent","151"
"reuerend","151"
"rehauyng","152"
"russette","152"
"reason","152"
"reson","152"
"roiall","153"
"remembyre","154"
"remeve","154"
"remeue","154"
"remembred","154"
"renew","154"
"remembere","154"
"remembre","154"
"remembreth","154"
"remembryng","154"
"recuueryd","155"
"rotyn","156"
"restreyn","157"
"remitted","158"
"remyttyd","158"
"rippled","158"
"roome","159"
"robbere","160"
"roberde","160"
"robert","160"
"roberd","160"
"restore","161"
"restoore","161"
"restored","161"
"resorte","161"
"resortyd","162"
"rees","163"
"revers","164"
"ryverse","164"
"reuers","164"
"rokwode","164"
"ryottes","165"
"ryottys","165"
"rownd","166"
"reuer","167"
"robbory","168"
"rabettys","169"
"reche","170"
"resigned","171"
"rathest","172"
"recoueryng","173"
"renewyng","174"
"recuuere","174"
"recuueryng","174"
"recouere","174"
"recuveryd","174"
"regne","174"
"reherced","175"
"rehersyd","175"
"rehersid","175"
"reciting","176"
"rebyliones","177"
"reteyned","178"
"remittid","179"
"reperte","180"
"reynyng","181"
"risers","182"
"reffuse","183"
"refused","183"
"refuse","183"
"restyd","184"
"rape","185"
"resist","186"
"recon","187"
"repente","188"
"regoyse","188"
"repented","188"
"repent","188"
"reseyvour","189"
"reseyvours","189"
"resseyvours","189"
"reputed","190"
"ryme","191"
"reden","191"
"rekenyngys","191"
"redemyng","191"
"rekenyng","191"
"rekord","191"
"restitucion","191"
"rodde","191"
"reformacion","191"
"receyvoure","191"
"rekeneth","192"
"rewyill","193"
"rewyllerys","193"
"rewell","193"
"rewylle","193"
"rewyll","193"
"rwyll","193"
"recommennde","194"
"recomende","194"
"recomended","194"
"ryallest","195"
"redd","196"
"revyvyd","196"
"revyn","196"
"rewlyng","197"
"radclyff","198"
"radclyf","198"
"reconysaunces","199"
"rendelesham","200"
"repayment","201"
"redyng","202"
"ryding","203"
"riottes","204"
"raþere","205"
"raþer","205"
"runlet","206"
"ratefye","207"
"riffel","207"
"rebelyones","208"
"rebels","208"
"riott","209"
"reppys","210"
"reppes","210"
"revenowse","211"
"reseyvyng","211"
"restreynte","211"
"reveneus","211"
"rydethe","212"
"recummawnddys","213"
"recommawndyth","213"
"recummawnd","213"
"recummaund","213"
"rekomawnd","213"
"rekomaund","213"
"recummand","213"
"recomandyd","213"
"refferre","213"
"ridyng","214"
"revylid","215"
"retenew","216"
"rougham","217"
"rectid","218"
"riottously","219"
"rawnsommyd","220"
"redily","221"
"regis","222"
"recommendat","222"
"redemit","222"
"regni","222"
"ricardo","222"
"rusty","223"
"resonable","223"
"ryche","223"
"ryotows","223"
"resonabell","223"
"resonabill","223"
"rauf","224"
"recomendacyons","225"
"rover","226"
"repentyth","227"
"repyned","228"
"redham","229"
"refham","229"
"refeham","229"
"reffham","229"
"ryghtfully","230"
"ravysshyd","231"
"revard","232"
"resignacion","233"
"raueshing","233"
"reuerse","234"
"redelyere","235"
"resceiued","236"
"rueth","237"
"requeryt","237"
"refere","238"
"reasonably","239"
"rekynyd","240"
"romore","241"
"repayre","242"
"reparted","242"
"repare","242"
"reyn","243"
"retorned","244"
"robry","245"
"roborye","245"
"reuolucion","246"
"regystre","246"
"ruleth","247"
"recheman","248"
"rowth","249"
"re","250"
"relessyd","251"
"resumed","252"
"reconyd","253"
"restythe","254"
"redresse","255"
"reprefe","256"
"relesyng","257"
"rebwkyng","258"
"recoweryd","259"
"retayled","260"
"receyuyth","261"
"receytys","262"
"rypelyer","263"
"retynew","264"
"retayle","265"
"rwlyd","266"
"rwled","266"
"rewlyd","266"
"rewled","266"
"rejoy","267"
"revoke","268"
"reparacyon","269"
"receyueth","270"
"rauishement","271"
"roo","272"
"refourme","273"
"relessis","274"
"reffused","275"
"ryues","276"
"relatyvis","276"
"relefys","276"
"rychely","277"
"rothon","278"
"robries","279"
"reioy","280"
"rensackyd","281"
"resoun","282"
"recedu","283"
"receyvyng","283"
"reskew","284"
"rapported","285"
"refformacyon","286"
"romayns","287"
"remadyed","288"
"resyngne","289"
"redyer","290"
"rebellious","291"
"reboyle","292"
"redilyere","293"
"reklesly","294"
"rewlere","295"
"repleuyn","296"
"romani","297"
"ryotesly","298"
"relif","299"
